Marker,Population,Allele,Frequency,Count
mh01NH-03,MHDBP-63967b883e,G|G|C,0.517,116
mh01NH-03,MHDBP-63967b883e,G|G|A,0.000,116
mh01NH-03,MHDBP-63967b883e,A|A|C,0.104,116
mh01NH-03,MHDBP-63967b883e,A|A|A,0.379,116
mh01NH-04,MHDBP-63967b883e,G|G|A,0.319,127
mh01NH-04,MHDBP-63967b883e,G|G|G,0.154,127
mh01NH-04,MHDBP-63967b883e,G|T|A,0.000,127
mh01NH-04,MHDBP-63967b883e,G|T|G,0.150,127
mh01NH-04,MHDBP-63967b883e,A|G|G,0.000,127
mh01NH-04,MHDBP-63967b883e,A|T|A,0.000,127
mh01NH-04,MHDBP-63967b883e,A|T|G,0.378,127
mh03NH-07,MHDBP-63967b883e,T|T|G,0.443,132
mh03NH-07,MHDBP-63967b883e,T|T|T,0.223,132
mh03NH-07,MHDBP-63967b883e,C|A|G,0.000,132
mh03NH-07,MHDBP-63967b883e,C|A|T,0.333,132
mh10NH-14,MHDBP-63967b883e,A|G|C,0.372,125
mh10NH-14,MHDBP-63967b883e,G|A|C,0.088,125
mh10NH-14,MHDBP-63967b883e,G|A|T,0.516,125
mh10NH-14,MHDBP-63967b883e,G|G|C,0.024,125
mh11NH-17,MHDBP-63967b883e,C|G|A,0.466,134
mh11NH-17,MHDBP-63967b883e,C|G|G,0.153,134
mh11NH-17,MHDBP-63967b883e,C|A|A,0.000,134
mh11NH-17,MHDBP-63967b883e,C|A|G,0.011,134
mh11NH-17,MHDBP-63967b883e,T|A|A,0.000,134
mh11NH-17,MHDBP-63967b883e,T|A|G,0.369,134
mh14NH-21,MHDBP-63967b883e,C|C|A,0.067,127
mh14NH-21,MHDBP-63967b883e,C|C|C,0.346,127
mh14NH-21,MHDBP-63967b883e,C|T|C,0.055,127
mh14NH-21,MHDBP-63967b883e,T|T|A,0.531,127
mh20NH-26,MHDBP-63967b883e,A|A|A,0.141,121
mh20NH-26,MHDBP-63967b883e,A|C|G,0.471,121
mh20NH-26,MHDBP-63967b883e,C|A|A,0.388,121
mh20NH-26,MHDBP-63967b883e,C|C|G,0.000,121
